config,image,q,bytes,cpu_s,ssimu2
aom_s6,kodim01.png,40,38393,0.2638,52.9494
aom_s6,kodim01.png,60,84560,0.3259,77.2178
aom_s6,kodim01.png,50,58041,0.3116,67.1835
aom_s6,kodim01.png,55,72541,0.3272,73.4145
aom_s6,kodim03.png,40,11214,0.1753,49.2404
aom_s6,kodim01.png,65,95497,0.3274,80.1031
aom_s6,kodim01.png,70,105737,0.2997,82.2525
aom_s6,kodim01.png,80,131677,0.3246,86.5438
aom_s6,kodim03.png,50,17025,0.164,61.8155
aom_s6,kodim03.png,55,21742,0.1748,68.1961
aom_s6,kodim03.png,60,26139,0.1887,72.4495
aom_s6,kodim03.png,65,30693,0.2,75.7328
aom_s6,kodim03.png,80,47475,0.1516,82.5237
aom_s6,kodim03.png,70,35033,0.1657,77.8314
aom_s6,kodim05.png,40,44690,0.2468,58.6104
aom_s6,kodim05.png,50,62965,0.3288,70.9267
aom_s6,kodim05.png,55,77199,0.3514,76.4121
aom_s6,kodim05.png,60,89187,0.3575,79.7913
aom_s6,kodim05.png,65,100148,0.3114,82.4067
aom_s6,kodim05.png,70,110734,0.3528,84.1395
aom_s6,kodim08.png,40,42985,0.3102,58.4703
aom_s6,kodim05.png,80,138926,0.3858,87.8811
aom_s6,kodim08.png,50,60757,0.3505,69.1549
aom_s6,kodim08.png,55,74870,0.3374,74.8159
aom_s6,kodim08.png,60,87421,0.3115,78.24
aom_s6,kodim08.png,65,99091,0.3185,80.8951
aom_s6,kodim08.png,70,110827,0.3775,83.0022
aom_s6,kodim08.png,80,141534,0.4006,86.9584
aom_s6,kodim13.png,40,58030,0.25,52.8097
aom_s6,kodim13.png,50,84492,0.2785,67.7241
aom_s6,kodim13.png,55,103548,0.3435,74.5846
aom_s6,kodim13.png,60,119228,0.288,78.6879
aom_s6,kodim13.png,65,133190,0.3293,81.7771
aom_s6,kodim13.png,70,145994,0.352,83.8329
aom_s6,kodim13.png,80,179442,0.3694,87.9265
aom_s6,kodim15.png,40,13900,0.1513,48.2009
aom_s6,kodim15.png,50,22364,0.1681,62.5218
aom_s6,kodim15.png,55,29833,0.1684,69.2229
aom_s6,kodim15.png,60,36544,0.2288,73.2877
aom_s6,kodim15.png,65,43208,0.2342,76.2897
aom_s6,kodim15.png,70,49526,0.1566,78.4381
aom_s6,kodim15.png,80,68337,0.2106,83.4289
aom_s6,kodim19.png,40,18342,0.1788,42.2265
aom_s6,kodim19.png,50,29351,0.1695,59.725
aom_s6,kodim19.png,55,38574,0.2257,67.6325
aom_s6,kodim19.png,60,46677,0.2246,72.6866
aom_s6,kodim19.png,65,54472,0.2389,75.9215
aom_s6,kodim19.png,70,61775,0.2021,78.5287
aom_s6,kodim19.png,80,83614,0.2695,83.2934
aom_s6,kodim20.png,50,20099,0.3269,68.2446
aom_s6,kodim20.png,40,12845,0.2873,55.2661
aom_s6,kodim20.png,55,26072,0.3571,74.2428
aom_s6,kodim20.png,60,31232,0.3274,77.9458
aom_s6,kodim20.png,65,36213,0.2827,80.3941
aom_s6,kodim20.png,70,40858,0.3565,82.3166
aom_s6,kodim20.png,80,56235,0.3413,85.9064
aom_s6,kodim21.png,40,24634,0.1812,54.0048
aom_s6,kodim21.png,50,36767,0.1694,65.2723
aom_s6,kodim21.png,55,46180,0.2176,71.058
aom_s6,kodim21.png,60,54135,0.2282,74.5157
aom_s6,kodim21.png,65,61843,0.1982,77.2008
aom_s6,kodim21.png,70,68897,0.2184,78.6684
aom_s6,kodim23.png,40,10711,0.1309,53.0604
aom_s6,kodim21.png,80,90803,0.2402,82.5016
aom_s6,kodim23.png,50,15604,0.1487,64.9945
aom_s6,kodim23.png,55,19800,0.1299,70.7237
aom_s6,kodim23.png,60,23795,0.1648,74.9493
aom_s6,kodim23.png,65,27878,0.2074,77.6483
aom_s6,kodim23.png,70,31972,0.1295,79.3934
aom_s6,kodim23.png,80,45311,0.1855,83.4092
aom_s0,kodim01.png,40,40740,10.1395,58.9305
aom_s0,kodim01.png,50,60330,11.6002,70.712
aom_s0,kodim01.png,55,74795,15.2707,76.4989
aom_s0,kodim01.png,60,86480,15.5971,79.901
aom_s0,kodim03.png,40,11006,4.8152,52.858
